[
  {
    "stusps":"PA",
    "state":42,
    "hud_area_code":"METRO23900M23900",
    "countyname":"Adams County",
    "county_town_name":null,
    "metro":1,
    "hud_area_name":"Gettysburg, PA MSA",
    "fips":4200199999,
    "pop2020":102627,
    "fmr_0":831,
    "fmr_1":997,
    "fmr_2":1226,
    "fmr_3":1620,
    "fmr_4":1765
  },
  {
    "stusps":"PA",
    "state":42,
    "hud_area_code":"METRO38300M38300",
    "countyname":"Allegheny County",
    "county_town_name":null,
    "metro":1,
    "hud_area_name":"Pittsburgh, PA HUD Metro FMR Area",
    "fips":4200399999,
    "pop2020":1218380,
    "fmr_0":917,
    "fmr_1":965,
    "fmr_2":1161,
    "fmr_3":1474,
    "fmr_4":1605
  },
  {
    "stusps":"PA",
    "state":42,
    "hud_area_code":"METRO38300N42005",
    "countyname":"Armstrong County",
    "county_town_name":null,
    "metro":1,
    "hud_area_name":"Armstrong County, PA HUD Metro FMR Area",
    "fips":4200599999,
    "pop2020":65356,
    "fmr_0":633,
    "fmr_1":711,
    "fmr_2":934,
    "fmr_3":1163,
    "fmr_4":1434
  },
  {
    "stusps":"PA",
    "state":42,
    "hud_area_code":"METRO38300M38300",
    "countyname":"Beaver County",
    "county_town_name":null,
    "metro":1,
    "hud_area_name":"Pittsburgh, PA HUD Metro FMR Area",
    "fips":4200799999,
    "pop2020":164781,
    "fmr_0":917,
    "fmr_1":965,
    "fmr_2":1161,
    "fmr_3":1474,
    "fmr_4":1605
  },
  {
    "stusps":"PA",
    "state":42,
    "hud_area_code":"NCNTY42009N42009",
    "countyname":"Bedford County",
    "county_town_name":null,
    "metro":0,
    "hud_area_name":"Bedford County, PA",
    "fips":4200999999,
    "pop2020":48154,
    "fmr_0":608,
    "fmr_1":643,
    "fmr_2":845,
    "fmr_3":1071,
    "fmr_4":1253
  },
  {
    "stusps":"PA",
    "state":42,
    "hud_area_code":"METRO39740M39740",
    "countyname":"Berks County",
    "county_town_name":null,
    "metro":1,
    "hud_area_name":"Reading, PA MSA",
    "fips":4201199999,
    "pop2020":419062,
    "fmr_0":895,
    "fmr_1":1041,
    "fmr_2":1320,
    "fmr_3":1649,
    "fmr_4":1758
  },
  {
    "stusps":"PA",
    "state":42,
    "hud_area_code":"METRO11020M11020",
    "countyname":"Blair County",
    "county_town_name":null,
    "metro":1,
    "hud_area_name":"Altoona, PA MSA",
    "fips":4201399999,
    "pop2020":122495,
    "fmr_0":673,
    "fmr_1":831,
    "fmr_2":993,
    "fmr_3":1232,
    "fmr_4":1406
  },
  {
    "stusps":"PA",
    "state":42,
    "hud_area_code":"NCNTY42015N42015",
    "countyname":"Bradford County",
    "county_town_name":null,
    "metro":0,
    "hud_area_name":"Bradford County, PA",
    "fips":4201599999,
    "pop2020":60721,
    "fmr_0":738,
    "fmr_1":743,
    "fmr_2":882,
    "fmr_3":1140,
    "fmr_4":1340
  },
  {
    "stusps":"PA",
    "state":42,
    "hud_area_code":"METRO37980M37980",
    "countyname":"Bucks County",
    "county_town_name":null,
    "metro":1,
    "hud_area_name":"Philadelphia-Camden-Wilmington, PA-NJ-DE-MD MSA",
    "fips":4201799999,
    "pop2020":627668,
    "fmr_0":1303,
    "fmr_1":1451,
    "fmr_2":1737,
    "fmr_3":2100,
    "fmr_4":2422
  },
  {
    "stusps":"PA",
    "state":42,
    "hud_area_code":"METRO38300M38300",
    "countyname":"Butler County",
    "county_town_name":null,
    "metro":1,
    "hud_area_name":"Pittsburgh, PA HUD Metro FMR Area",
    "fips":4201999999,
    "pop2020":187798,
    "fmr_0":917,
    "fmr_1":965,
    "fmr_2":1161,
    "fmr_3":1474,
    "fmr_4":1605
  },
  {
    "stusps":"PA",
    "state":42,
    "hud_area_code":"METRO27780M27780",
    "countyname":"Cambria County",
    "county_town_name":null,
    "metro":1,
    "hud_area_name":"Johnstown, PA MSA",
    "fips":4202199999,
    "pop2020":131611,
    "fmr_0":678,
    "fmr_1":682,
    "fmr_2":863,
    "fmr_3":1135,
    "fmr_4":1276
  },
  {
    "stusps":"PA",
    "state":42,
    "hud_area_code":"NCNTY42023N42023",
    "countyname":"Cameron County",
    "county_town_name":null,
    "metro":0,
    "hud_area_name":"Cameron County, PA",
    "fips":4202399999,
    "pop2020":4512,
    "fmr_0":616,
    "fmr_1":643,
    "fmr_2":845,
    "fmr_3":1022,
    "fmr_4":1242
  },
  {
    "stusps":"PA",
    "state":42,
    "hud_area_code":"METRO10900M10900",
    "countyname":"Carbon County",
    "county_town_name":null,
    "metro":1,
    "hud_area_name":"Allentown-Bethlehem-Easton, PA HUD Metro FMR Area",
    "fips":4202599999,
    "pop2020":63964,
    "fmr_0":972,
    "fmr_1":1137,
    "fmr_2":1426,
    "fmr_3":1821,
    "fmr_4":1900
  },
  {
    "stusps":"PA",
    "state":42,
    "hud_area_code":"METRO44300M44300",
    "countyname":"Centre County",
    "county_town_name":null,
    "metro":1,
    "hud_area_name":"State College, PA MSA",
    "fips":4202799999,
    "pop2020":162264,
    "fmr_0":1122,
    "fmr_1":1133,
    "fmr_2":1317,
    "fmr_3":1593,
    "fmr_4":1754
  },
  {
    "stusps":"PA",
    "state":42,
    "hud_area_code":"METRO37980M37980",
    "countyname":"Chester County",
    "county_town_name":null,
    "metro":1,
    "hud_area_name":"Philadelphia-Camden-Wilmington, PA-NJ-DE-MD MSA",
    "fips":4202999999,
    "pop2020":521980,
    "fmr_0":1303,
    "fmr_1":1451,
    "fmr_2":1737,
    "fmr_3":2100,
    "fmr_4":2422
  },
  {
    "stusps":"PA",
    "state":42,
    "hud_area_code":"NCNTY42031N42031",
    "countyname":"Clarion County",
    "county_town_name":null,
    "metro":0,
    "hud_area_name":"Clarion County, PA",
    "fips":4203199999,
    "pop2020":38633,
    "fmr_0":701,
    "fmr_1":705,
    "fmr_2":845,
    "fmr_3":1048,
    "fmr_4":1434
  },
  {
    "stusps":"PA",
    "state":42,
    "hud_area_code":"NCNTY42033N42033",
    "countyname":"Clearfield County",
    "county_town_name":null,
    "metro":0,
    "hud_area_name":"Clearfield County, PA",
    "fips":4203399999,
    "pop2020":79466,
    "fmr_0":614,
    "fmr_1":681,
    "fmr_2":845,
    "fmr_3":1150,
    "fmr_4":1190
  },
  {
    "stusps":"PA",
    "state":42,
    "hud_area_code":"NCNTY42035N42035",
    "countyname":"Clinton County",
    "county_town_name":null,
    "metro":0,
    "hud_area_name":"Clinton County, PA",
    "fips":4203599999,
    "pop2020":38549,
    "fmr_0":684,
    "fmr_1":705,
    "fmr_2":911,
    "fmr_3":1142,
    "fmr_4":1546
  },
  {
    "stusps":"PA",
    "state":42,
    "hud_area_code":"METRO14100N42037",
    "countyname":"Columbia County",
    "county_town_name":null,
    "metro":1,
    "hud_area_name":"Columbia County, PA HUD Metro FMR Area",
    "fips":4203799999,
    "pop2020":65390,
    "fmr_0":721,
    "fmr_1":878,
    "fmr_2":1064,
    "fmr_3":1287,
    "fmr_4":1463
  },
  {
    "stusps":"PA",
    "state":42,
    "hud_area_code":"NCNTY42039N42039",
    "countyname":"Crawford County",
    "county_town_name":null,
    "metro":0,
    "hud_area_name":"Crawford County, PA",
    "fips":4203999999,
    "pop2020":85074,
    "fmr_0":631,
    "fmr_1":651,
    "fmr_2":845,
    "fmr_3":1083,
    "fmr_4":1274
  },
  {
    "stusps":"PA",
    "state":42,
    "hud_area_code":"METRO25420M25420",
    "countyname":"Cumberland County",
    "county_town_name":null,
    "metro":1,
    "hud_area_name":"Harrisburg-Carlisle, PA MSA",
    "fips":4204199999,
    "pop2020":251487,
    "fmr_0":876,
    "fmr_1":1021,
    "fmr_2":1273,
    "fmr_3":1634,
    "fmr_4":1695
  },
  {
    "stusps":"PA",
    "state":42,
    "hud_area_code":"METRO25420M25420",
    "countyname":"Dauphin County",
    "county_town_name":null,
    "metro":1,
    "hud_area_name":"Harrisburg-Carlisle, PA MSA",
    "fips":4204399999,
    "pop2020":277071,
    "fmr_0":876,
    "fmr_1":1021,
    "fmr_2":1273,
    "fmr_3":1634,
    "fmr_4":1695
  },
  {
    "stusps":"PA",
    "state":42,
    "hud_area_code":"METRO37980M37980",
    "countyname":"Delaware County",
    "county_town_name":null,
    "metro":1,
    "hud_area_name":"Philadelphia-Camden-Wilmington, PA-NJ-DE-MD MSA",
    "fips":4204599999,
    "pop2020":565328,
    "fmr_0":1303,
    "fmr_1":1451,
    "fmr_2":1737,
    "fmr_3":2100,
    "fmr_4":2422
  },
  {
    "stusps":"PA",
    "state":42,
    "hud_area_code":"NCNTY42047N42047",
    "countyname":"Elk County",
    "county_town_name":null,
    "metro":0,
    "hud_area_name":"Elk County, PA",
    "fips":4204799999,
    "pop2020":30077,
    "fmr_0":616,
    "fmr_1":722,
    "fmr_2":845,
    "fmr_3":1133,
    "fmr_4":1200
  },
  {
    "stusps":"PA",
    "state":42,
    "hud_area_code":"METRO21500M21500",
    "countyname":"Erie County",
    "county_town_name":null,
    "metro":1,
    "hud_area_name":"Erie, PA MSA",
    "fips":4204999999,
    "pop2020":272046,
    "fmr_0":726,
    "fmr_1":757,
    "fmr_2":983,
    "fmr_3":1227,
    "fmr_4":1345
  },
  {
    "stusps":"PA",
    "state":42,
    "hud_area_code":"METRO38300M38300",
    "countyname":"Fayette County",
    "county_town_name":null,
    "metro":1,
    "hud_area_name":"Pittsburgh, PA HUD Metro FMR Area",
    "fips":4205199999,
    "pop2020":130329,
    "fmr_0":917,
    "fmr_1":965,
    "fmr_2":1161,
    "fmr_3":1474,
    "fmr_4":1605
  },
  {
    "stusps":"PA",
    "state":42,
    "hud_area_code":"NCNTY42053N42053",
    "countyname":"Forest County",
    "county_town_name":null,
    "metro":0,
    "hud_area_name":"Forest County, PA",
    "fips":4205399999,
    "pop2020":7190,
    "fmr_0":715,
    "fmr_1":746,
    "fmr_2":980,
    "fmr_3":1185,
    "fmr_4":1440
  },
  {
    "stusps":"PA",
    "state":42,
    "hud_area_code":"METRO16540M16540",
    "countyname":"Franklin County",
    "county_town_name":null,
    "metro":1,
    "hud_area_name":"Chambersburg-Waynesboro, PA MSA",
    "fips":4205599999,
    "pop2020":154954,
    "fmr_0":914,
    "fmr_1":920,
    "fmr_2":1150,
    "fmr_3":1529,
    "fmr_4":1719
  },
  {
    "stusps":"PA",
    "state":42,
    "hud_area_code":"NCNTY42057N42057",
    "countyname":"Fulton County",
    "county_town_name":null,
    "metro":0,
    "hud_area_name":"Fulton County, PA",
    "fips":4205799999,
    "pop2020":14492,
    "fmr_0":616,
    "fmr_1":687,
    "fmr_2":845,
    "fmr_3":1064,
    "fmr_4":1434
  },
  {
    "stusps":"PA",
    "state":42,
    "hud_area_code":"NCNTY42059N42059",
    "countyname":"Greene County",
    "county_town_name":null,
    "metro":0,
    "hud_area_name":"Greene County, PA",
    "fips":4205999999,
    "pop2020":36484,
    "fmr_0":693,
    "fmr_1":697,
    "fmr_2":881,
    "fmr_3":1065,
    "fmr_4":1192
  },
  {
    "stusps":"PA",
    "state":42,
    "hud_area_code":"NCNTY42061N42061",
    "countyname":"Huntingdon County",
    "county_town_name":null,
    "metro":0,
    "hud_area_name":"Huntingdon County, PA",
    "fips":4206199999,
    "pop2020":45145,
    "fmr_0":652,
    "fmr_1":684,
    "fmr_2":845,
    "fmr_3":1082,
    "fmr_4":1318
  },
  {
    "stusps":"PA",
    "state":42,
    "hud_area_code":"NCNTY42063N42063",
    "countyname":"Indiana County",
    "county_town_name":null,
    "metro":0,
    "hud_area_name":"Indiana County, PA",
    "fips":4206399999,
    "pop2020":84463,
    "fmr_0":627,
    "fmr_1":741,
    "fmr_2":859,
    "fmr_3":1136,
    "fmr_4":1243
  },
  {
    "stusps":"PA",
    "state":42,
    "hud_area_code":"NCNTY42065N42065",
    "countyname":"Jefferson County",
    "county_town_name":null,
    "metro":0,
    "hud_area_name":"Jefferson County, PA",
    "fips":4206599999,
    "pop2020":43570,
    "fmr_0":573,
    "fmr_1":657,
    "fmr_2":845,
    "fmr_3":1042,
    "fmr_4":1131
  },
  {
    "stusps":"PA",
    "state":42,
    "hud_area_code":"NCNTY42067N42067",
    "countyname":"Juniata County",
    "county_town_name":null,
    "metro":0,
    "hud_area_name":"Juniata County, PA",
    "fips":4206799999,
    "pop2020":24657,
    "fmr_0":593,
    "fmr_1":647,
    "fmr_2":845,
    "fmr_3":1081,
    "fmr_4":1260
  },
  {
    "stusps":"PA",
    "state":42,
    "hud_area_code":"METRO42540M42540",
    "countyname":"Lackawanna County",
    "county_town_name":null,
    "metro":1,
    "hud_area_name":"Scranton--Wilkes-Barre, PA MSA",
    "fips":4206999999,
    "pop2020":210162,
    "fmr_0":730,
    "fmr_1":854,
    "fmr_2":1039,
    "fmr_3":1343,
    "fmr_4":1464
  },
  {
    "stusps":"PA",
    "state":42,
    "hud_area_code":"METRO29540M29540",
    "countyname":"Lancaster County",
    "county_town_name":null,
    "metro":1,
    "hud_area_name":"Lancaster, PA MSA",
    "fips":4207199999,
    "pop2020":543050,
    "fmr_0":938,
    "fmr_1":1061,
    "fmr_2":1333,
    "fmr_3":1725,
    "fmr_4":1775
  },
  {
    "stusps":"PA",
    "state":42,
    "hud_area_code":"NCNTY42073N42073",
    "countyname":"Lawrence County",
    "county_town_name":null,
    "metro":0,
    "hud_area_name":"Lawrence County, PA",
    "fips":4207399999,
    "pop2020":86148,
    "fmr_0":590,
    "fmr_1":663,
    "fmr_2":871,
    "fmr_3":1208,
    "fmr_4":1386
  },
  {
    "stusps":"PA",
    "state":42,
    "hud_area_code":"METRO30140M30140",
    "countyname":"Lebanon County",
    "county_town_name":null,
    "metro":1,
    "hud_area_name":"Lebanon, PA MSA",
    "fips":4207599999,
    "pop2020":140410,
    "fmr_0":896,
    "fmr_1":951,
    "fmr_2":1225,
    "fmr_3":1546,
    "fmr_4":1631
  },
  {
    "stusps":"PA",
    "state":42,
    "hud_area_code":"METRO10900M10900",
    "countyname":"Lehigh County",
    "county_town_name":null,
    "metro":1,
    "hud_area_name":"Allentown-Bethlehem-Easton, PA HUD Metro FMR Area",
    "fips":4207799999,
    "pop2020":367338,
    "fmr_0":972,
    "fmr_1":1137,
    "fmr_2":1426,
    "fmr_3":1821,
    "fmr_4":1900
  },
  {
    "stusps":"PA",
    "state":42,
    "hud_area_code":"METRO42540M42540",
    "countyname":"Luzerne County",
    "county_town_name":null,
    "metro":1,
    "hud_area_name":"Scranton--Wilkes-Barre, PA MSA",
    "fips":4207999999,
    "pop2020":317547,
    "fmr_0":730,
    "fmr_1":854,
    "fmr_2":1039,
    "fmr_3":1343,
    "fmr_4":1464
  },
  {
    "stusps":"PA",
    "state":42,
    "hud_area_code":"METRO48700M48700",
    "countyname":"Lycoming County",
    "county_town_name":null,
    "metro":1,
    "hud_area_name":"Williamsport, PA MSA",
    "fips":4208199999,
    "pop2020":114014,
    "fmr_0":756,
    "fmr_1":902,
    "fmr_2":1082,
    "fmr_3":1396,
    "fmr_4":1559
  },
  {
    "stusps":"PA",
    "state":42,
    "hud_area_code":"NCNTY42083N42083",
    "countyname":"McKean County",
    "county_town_name":null,
    "metro":0,
    "hud_area_name":"McKean County, PA",
    "fips":4208399999,
    "pop2020":41021,
    "fmr_0":616,
    "fmr_1":674,
    "fmr_2":845,
    "fmr_3":1073,
    "fmr_4":1251
  },
  {
    "stusps":"PA",
    "state":42,
    "hud_area_code":"METRO49660MM7610",
    "countyname":"Mercer County",
    "county_town_name":null,
    "metro":1,
    "hud_area_name":"Sharon, PA HUD Metro FMR Area",
    "fips":4208599999,
    "pop2020":110519,
    "fmr_0":656,
    "fmr_1":661,
    "fmr_2":845,
    "fmr_3":1148,
    "fmr_4":1233
  },
  {
    "stusps":"PA",
    "state":42,
    "hud_area_code":"NCNTY42087N42087",
    "countyname":"Mifflin County",
    "county_town_name":null,
    "metro":0,
    "hud_area_name":"Mifflin County, PA",
    "fips":4208799999,
    "pop2020":46179,
    "fmr_0":625,
    "fmr_1":685,
    "fmr_2":850,
    "fmr_3":1123,
    "fmr_4":1263
  },
  {
    "stusps":"PA",
    "state":42,
    "hud_area_code":"METRO20700M20700",
    "countyname":"Monroe County",
    "county_town_name":null,
    "metro":1,
    "hud_area_name":"East Stroudsburg, PA MSA",
    "fips":4208999999,
    "pop2020":168824,
    "fmr_0":1111,
    "fmr_1":1119,
    "fmr_2":1470,
    "fmr_3":1988,
    "fmr_4":2376
  },
  {
    "stusps":"PA",
    "state":42,
    "hud_area_code":"METRO37980M37980",
    "countyname":"Montgomery County",
    "county_town_name":null,
    "metro":1,
    "hud_area_name":"Philadelphia-Camden-Wilmington, PA-NJ-DE-MD MSA",
    "fips":4209199999,
    "pop2020":827180,
    "fmr_0":1303,
    "fmr_1":1451,
    "fmr_2":1737,
    "fmr_3":2100,
    "fmr_4":2422
  },
  {
    "stusps":"PA",
    "state":42,
    "hud_area_code":"METRO14100N42093",
    "countyname":"Montour County",
    "county_town_name":null,
    "metro":1,
    "hud_area_name":"Montour County, PA HUD Metro FMR Area",
    "fips":4209399999,
    "pop2020":18178,
    "fmr_0":784,
    "fmr_1":915,
    "fmr_2":1077,
    "fmr_3":1518,
    "fmr_4":1828
  },
  {
    "stusps":"PA",
    "state":42,
    "hud_area_code":"METRO10900M10900",
    "countyname":"Northampton County",
    "county_town_name":null,
    "metro":1,
    "hud_area_name":"Allentown-Bethlehem-Easton, PA HUD Metro FMR Area",
    "fips":4209599999,
    "pop2020":304233,
    "fmr_0":972,
    "fmr_1":1137,
    "fmr_2":1426,
    "fmr_3":1821,
    "fmr_4":1900
  },
  {
    "stusps":"PA",
    "state":42,
    "hud_area_code":"NCNTY42097N42097",
    "countyname":"Northumberland County",
    "county_town_name":null,
    "metro":0,
    "hud_area_name":"Northumberland County, PA",
    "fips":4209799999,
    "pop2020":91234,
    "fmr_0":608,
    "fmr_1":688,
    "fmr_2":845,
    "fmr_3":1034,
    "fmr_4":1125
  },
  {
    "stusps":"PA",
    "state":42,
    "hud_area_code":"METRO25420M25420",
    "countyname":"Perry County",
    "county_town_name":null,
    "metro":1,
    "hud_area_name":"Harrisburg-Carlisle, PA MSA",
    "fips":4209999999,
    "pop2020":46133,
    "fmr_0":876,
    "fmr_1":1021,
    "fmr_2":1273,
    "fmr_3":1634,
    "fmr_4":1695
  },
  {
    "stusps":"PA",
    "state":42,
    "hud_area_code":"METRO37980M37980",
    "countyname":"Philadelphia County",
    "county_town_name":null,
    "metro":1,
    "hud_area_name":"Philadelphia-Camden-Wilmington, PA-NJ-DE-MD MSA",
    "fips":4210199999,
    "pop2020":1581531,
    "fmr_0":1303,
    "fmr_1":1451,
    "fmr_2":1737,
    "fmr_3":2100,
    "fmr_4":2422
  },
  {
    "stusps":"PA",
    "state":42,
    "hud_area_code":"METRO35620MM5660",
    "countyname":"Pike County",
    "county_town_name":null,
    "metro":1,
    "hud_area_name":"Pike County, PA HUD Metro FMR Area",
    "fips":4210399999,
    "pop2020":55660,
    "fmr_0":1247,
    "fmr_1":1255,
    "fmr_2":1649,
    "fmr_3":2104,
    "fmr_4":2711
  },
  {
    "stusps":"PA",
    "state":42,
    "hud_area_code":"NCNTY42105N42105",
    "countyname":"Potter County",
    "county_town_name":null,
    "metro":0,
    "hud_area_name":"Potter County, PA",
    "fips":4210599999,
    "pop2020":16685,
    "fmr_0":616,
    "fmr_1":643,
    "fmr_2":845,
    "fmr_3":1058,
    "fmr_4":1224
  },
  {
    "stusps":"PA",
    "state":42,
    "hud_area_code":"NCNTY42107N42107",
    "countyname":"Schuylkill County",
    "county_town_name":null,
    "metro":0,
    "hud_area_name":"Schuylkill County, PA",
    "fips":4210799999,
    "pop2020":141935,
    "fmr_0":663,
    "fmr_1":663,
    "fmr_2":858,
    "fmr_3":1129,
    "fmr_4":1203
  },
  {
    "stusps":"PA",
    "state":42,
    "hud_area_code":"NCNTY42109N42109",
    "countyname":"Snyder County",
    "county_town_name":null,
    "metro":0,
    "hud_area_name":"Snyder County, PA",
    "fips":4210999999,
    "pop2020":40452,
    "fmr_0":660,
    "fmr_1":787,
    "fmr_2":894,
    "fmr_3":1152,
    "fmr_4":1306
  },
  {
    "stusps":"PA",
    "state":42,
    "hud_area_code":"NCNTY42111N42111",
    "countyname":"Somerset County",
    "county_town_name":null,
    "metro":0,
    "hud_area_name":"Somerset County, PA",
    "fips":4211199999,
    "pop2020":73844,
    "fmr_0":728,
    "fmr_1":732,
    "fmr_2":845,
    "fmr_3":1158,
    "fmr_4":1235
  },
  {
    "stusps":"PA",
    "state":42,
    "hud_area_code":"NCNTY42113N42113",
    "countyname":"Sullivan County",
    "county_town_name":null,
    "metro":0,
    "hud_area_name":"Sullivan County, PA",
    "fips":4211399999,
    "pop2020":6038,
    "fmr_0":616,
    "fmr_1":697,
    "fmr_2":845,
    "fmr_3":1191,
    "fmr_4":1428
  },
  {
    "stusps":"PA",
    "state":42,
    "hud_area_code":"NCNTY42115N42115",
    "countyname":"Susquehanna County",
    "county_town_name":null,
    "metro":0,
    "hud_area_name":"Susquehanna County, PA",
    "fips":4211599999,
    "pop2020":40604,
    "fmr_0":668,
    "fmr_1":703,
    "fmr_2":916,
    "fmr_3":1173,
    "fmr_4":1246
  },
  {
    "stusps":"PA",
    "state":42,
    "hud_area_code":"NCNTY42117N42117",
    "countyname":"Tioga County",
    "county_town_name":null,
    "metro":0,
    "hud_area_name":"Tioga County, PA",
    "fips":4211799999,
    "pop2020":40759,
    "fmr_0":583,
    "fmr_1":658,
    "fmr_2":860,
    "fmr_3":1117,
    "fmr_4":1181
  },
  {
    "stusps":"PA",
    "state":42,
    "hud_area_code":"NCNTY42119N42119",
    "countyname":"Union County",
    "county_town_name":null,
    "metro":0,
    "hud_area_name":"Union County, PA",
    "fips":4211999999,
    "pop2020":44831,
    "fmr_0":646,
    "fmr_1":788,
    "fmr_2":885,
    "fmr_3":1247,
    "fmr_4":1502
  },
  {
    "stusps":"PA",
    "state":42,
    "hud_area_code":"NCNTY42121N42121",
    "countyname":"Venango County",
    "county_town_name":null,
    "metro":0,
    "hud_area_name":"Venango County, PA",
    "fips":4212199999,
    "pop2020":51355,
    "fmr_0":573,
    "fmr_1":648,
    "fmr_2":845,
    "fmr_3":1067,
    "fmr_4":1232
  },
  {
    "stusps":"PA",
    "state":42,
    "hud_area_code":"NCNTY42123N42123",
    "countyname":"Warren County",
    "county_town_name":null,
    "metro":0,
    "hud_area_name":"Warren County, PA",
    "fips":4212399999,
    "pop2020":39466,
    "fmr_0":682,
    "fmr_1":686,
    "fmr_2":845,
    "fmr_3":1106,
    "fmr_4":1242
  },
  {
    "stusps":"PA",
    "state":42,
    "hud_area_code":"METRO38300M38300",
    "countyname":"Washington County",
    "county_town_name":null,
    "metro":1,
    "hud_area_name":"Pittsburgh, PA HUD Metro FMR Area",
    "fips":4212599999,
    "pop2020":207081,
    "fmr_0":917,
    "fmr_1":965,
    "fmr_2":1161,
    "fmr_3":1474,
    "fmr_4":1605
  },
  {
    "stusps":"PA",
    "state":42,
    "hud_area_code":"NCNTY42127N42127",
    "countyname":"Wayne County",
    "county_town_name":null,
    "metro":0,
    "hud_area_name":"Wayne County, PA",
    "fips":4212799999,
    "pop2020":51268,
    "fmr_0":712,
    "fmr_1":850,
    "fmr_2":998,
    "fmr_3":1218,
    "fmr_4":1694
  },
  {
    "stusps":"PA",
    "state":42,
    "hud_area_code":"METRO38300M38300",
    "countyname":"Westmoreland County",
    "county_town_name":null,
    "metro":1,
    "hud_area_name":"Pittsburgh, PA HUD Metro FMR Area",
    "fips":4212999999,
    "pop2020":350722,
    "fmr_0":917,
    "fmr_1":965,
    "fmr_2":1161,
    "fmr_3":1474,
    "fmr_4":1605
  },
  {
    "stusps":"PA",
    "state":42,
    "hud_area_code":"METRO42540M42540",
    "countyname":"Wyoming County",
    "county_town_name":null,
    "metro":1,
    "hud_area_name":"Scranton--Wilkes-Barre, PA MSA",
    "fips":4213199999,
    "pop2020":27078,
    "fmr_0":730,
    "fmr_1":854,
    "fmr_2":1039,
    "fmr_3":1343,
    "fmr_4":1464
  },
  {
    "stusps":"PA",
    "state":42,
    "hud_area_code":"METRO49620M49620",
    "countyname":"York County",
    "county_town_name":null,
    "metro":1,
    "hud_area_name":"York-Hanover, PA MSA",
    "fips":4213399999,
    "pop2020":447628,
    "fmr_0":861,
    "fmr_1":951,
    "fmr_2":1197,
    "fmr_3":1595,
    "fmr_4":1667
  }
]